dur,proto,service,state,spkts,dpkts,sbytes,dbytes,rate,sttl,dttl,sload,dload,sloss,dloss,sinpkt,dinpkt,sjit,djit,swin,stcpb,dtcpb,dwin,tcprtt,synack,ackdat,smean,dmean,trans_depth,response_body_len,ct_srv_src,ct_state_ttl,ct_dst_ltm,ct_src_dport_ltm,ct_dst_sport_ltm,ct_dst_src_ltm,is_ftp_login,ct_ftp_cmd,ct_flw_http_mthd,ct_src_ltm,ct_srv_dst,is_sm_ips_ports
3.282564163208008,udp,-,INT,90,113,25628,39383,61.84189856066993,54,128,7807.311213363789,11997.632960664354,0,0,0.03167295455932617,0.0293086086000715,0.047924861479341316,0.01768176288020854,0,0,0,0,0.0,0.0,0.0,284.75555555555553,348.5221238938053,0,0,9,1,3,3,3,3,0,0,0,5,5,0
0.05644106864929199,tcp,https,FIN,3,2,207,108,88.58797538134,56,128,3667.542180787476,1913.500268236944,0,0,0.028220534324645996,0.00019407272338867188,0.028220534324645996,0.0,10,958696812,521775417,255,0.0,0.0,0.0,69.0,54.0,0,0,1,1,1,1,1,1,0,0,0,1,1,0
0.07635807991027832,tcp,https,INT,1,1,66,55,26.192382028856994,54,128,864.3486069522808,720.2905057935673,0,0,0.0,0.0,0.0,0.0,297,1423494123,2497540020,251,0.0,0.0,0.0,66.0,55.0,0,0,1,1,1,1,1,1,0,0,0,1,1,0
0.07114410400390625,tcp,https,FIN,3,2,192,108,70.27989276139411,54,128,2698.7478820375336,1518.0456836461126,0,0,0.0005815029144287109,0.07023906707763672,0.0003695487976074219,0.0,290,1937250341,3000632494,251,0.0,0.0,0.0,64.0,54.0,0,0,1,1,1,1,1,1,0,0,0,1,1,0
0.07432699203491211,tcp,https,FIN,3,2,192,108,67.27031275060145,54,128,2583.1800096230954,1453.0387554129911,0,0,0.0,0.07432699203491211,0.0,0.0,290,2189867335,2145500020,255,0.0,0.0,0.0,64.0,54.0,0,0,1,1,1,1,1,1,0,0,0,1,1,0
0.07294797897338867,tcp,https,INT,1,1,66,55,27.416797944869693,54,128,904.7543321806999,753.9619434839165,0,0,0.0,0.0,0.0,0.0,299,994571603,3214305703,255,0.0,0.0,0.0,66.0,55.0,0,0,1,1,1,1,1,1,0,0,0,1,1,0
0.05382895469665527,tcp,https,INT,2,1,148,96,55.73208725501052,56,128,2749.4496379138523,1783.4267921603366,0,0,0.05382895469665527,0.0,0.0,0.0,11,3279792393,1272394237,251,0.0,0.0,0.0,74.0,96.0,0,0,1,1,1,1,1,1,0,0,0,1,1,0
